{
   "DATA_PATH": "M:/malab/_Data/20250210 - Santi - RFSoC tprocv2 - LL8qubit meas/20250225 - t1 vs flux - q0",
   "zcu216_info": {
      "ns_host": "",
      "ns_port": 8000,
      "proxy_name": "rfsoc",
      "fast_gen_chs": [
         0,
         1,
         2,
         3
      ],
      "mux_gen_chs": [
         4
      ],
      "inter_gen_chs": [
         5,
         6,
         7,
         8,
         9,
         10,
         11,
         12,
         13,
         14,
         15
      ],
      "dyn_ro_chs": [
         0,
         1
      ],
      "mux_ro_chs": [
         2,
         3,
         4,
         5,
         6,
         7,
         8,
         9
      ]
   },
   "config": {
      "full_auto": 1,
      "num_qubits": 8,
      "qubit_index": 0,
      "SS": "False",
      "MUX": "False",
      "dac": [
         0.0,
         4.7263319,
         0.6400434500000003,
         -0.21242784999999964,
         -1.0944620499999997,
         -1.4204605,
         -2.2425836999999995,
         -2.7960778999999993,
         -4.39639355
      ],
      "hw_cfg": {
         "qubit_ch": [
            0,
            0,
            0,
            0,
            0,
            0,
            0,
            0
         ],
         "res_ch": [
            1,
            1,
            1,
            1,
            1,
            1,
            1,
            1
         ],
         "qubit_ch_ef": [
            0,
            0,
            0,
            0,
            0,
            0,
            0,
            0
         ],
         "mux_ch": 4,
         "nqz_qubit": 1,
         "nqz_res": 2,
         "ro_ch": [
            0,
            0,
            0,
            0,
            0,
            0,
            0,
            0
         ],
         "mux_ro_chs": [
            2,
            3,
            4,
            5,
            6,
            7,
            8,
            9
         ]
      },
      "readout_cfg": {
         "trig_time": 0.5,
         "ro_length": 3,
         "mixer_freq": 6000,
         "res_freq_ge": [
            6245.818832015991,
            6170.3606095886225,
            6303.787471122742,
            6201.633188705443,
            6126.447677688599,
            6225.110059585571,
            6150.018061256408,
            6273.05604473114
         ],
         "res_gain_ge": [
            0.03,
            0.5,
            0.5,
            0.5,
            0.5,
            0.5,
            0.5,
            0.5
         ],
         "res_length_ge": 3,
         "res_freq_ef": [
            0,
            0,
            0,
            0,
            0,
            0,
            0,
            0
         ],
         "res_gain_ef": [
            0,
            0,
            0,
            0,
            0,
            0,
            0,
            0
         ],
         "res_length_ef": 3,
         "res_phase": [
            0,
            0,
            0,
            0,
            0,
            0,
            0,
            0
         ],
         "threshold": [
            0,
            0,
            0,
            0,
            0,
            0,
            0,
            0
         ]
      },
      "qubit_cfg": {
         "qubit_freq_ge": [
            4166.955731964111,
            4283.918824033815,
            3898.413719222572,
            3599.132678108288,
            4041.82477753916,
            3801.116640066964,
            4389.415805307179,
            3730.5391345596436
         ],
         "qubit_gain_ge": [
            0.37851034029173647,
            0.27720046460965736,
            0.5276829295795511,
            0.5883749132872516,
            0.38764013739853925,
            0.6330070244150163,
            0.32221006043531597,
            0.4873063916057808
         ],
         "qubit_length_ge": 100,
         "qubit_freq_ef": [
            0,
            0,
            0,
            0,
            0,
            0,
            0,
            0
         ],
         "qubit_gain_ef": [
            0,
            0,
            0,
            0,
            0,
            0,
            0,
            0
         ],
         "qubit_length_ef": 25.0,
         "qubit_phase": 0,
         "sigma_ge": [
            0.02,
            0.02,
            0.02,
            0.02,
            0.02,
            0.04,
            0.02,
            0.02
         ],
         "sigma_ef": [
            0,
            0,
            0,
            0,
            0,
            0,
            0,
            0
         ],
         "flux_freq": 0,
         "flux_gain": 0,
         "flux_length": 0,
         "t2": 0,
         "t1": 0
      }
   },
   "expt_cfg": {
      "tof": {
         "reps": 1,
         "soft_avgs": 1000,
         "relax_delay": 100
      },
      "res_spec_ge": {
         "reps": 200,
         "py_avg": 10,
         "start": [
            6241.0,
            6165.0,
            6300.0,
            6195.0,
            6122.0,
            6220.0,
            6145.0,
            6270.0
         ],
         "stop": [
            6251.0,
            6175.0,
            6310.0,
            6205.0,
            6132.0,
            6230.0,
            6155.0,
            6280.0
         ],
         "steps": 2000,
         "relax_delay": 0.5
      },
      "res_spec_mux": {
         "reps": 100,
         "py_avg": 10,
         "start": -2.5,
         "expts": 500,
         "step": 0.01,
         "relax_delay": 0.5,
         "freqs": [
            6245.771455192566,
            6170.350609588622,
            6303.767471122742,
            6201.653188705443,
            6125.867677688599,
            6225.0700595855715,
            6149.068061256408,
            6273.04604473114
         ]
      },
      "qubit_spec_ge": {
         "reps": 100,
         "py_avg": 5,
         "start": [
            4080.0,
            4250,
            3870,
            3570,
            4000,
            3770,
            4360,
            3710
         ],
         "stop": [
            4580.0,
            4310,
            3930,
            3630,
            4100,
            3840,
            4440,
            3790
         ],
         "steps": 300,
         "relax_delay": 200
      },
      "time_rabi_ge": {
         "reps": 1000,
         "py_avg": 10,
         "start": [
            0.02,
            0.02,
            0.02,
            0.02,
            0.02,
            0.02,
            0.02,
            0.02
         ],
         "expts": [
            50,
            50,
            50,
            50,
            50,
            50,
            50,
            50
         ],
         "step": 0.02,
         "relax_delay": 200
      },
      "power_rabi_ge": {
         "reps": 200,
         "py_avg": 10,
         "start": [
            0.0,
            0.0,
            0.0,
            0.0,
            0.0,
            0.0,
            0.0,
            0.0
         ],
         "stop": [
            1.0,
            1.0,
            1.0,
            1.0,
            1.0,
            1.0,
            1.0,
            1.0
         ],
         "steps": 100,
         "relax_delay": 200
      },
      "Ramsey_ge": {
         "reps": 200,
         "py_avg": 10,
         "start": [
            0.0,
            0.0,
            0.0,
            0.0,
            0.0,
            0.0,
            0.0,
            0.0
         ],
         "stop": [
            3,
            20,
            20,
            20,
            20,
            20,
            20,
            20
         ],
         "steps": 150,
         "ramsey_freq": 1.5,
         "relax_delay": 100,
         "wait_time": 0.0
      },
      "SpinEcho_ge": {
         "reps": 200,
         "py_avg": 10,
         "start": [
            0.0,
            0.0,
            0.0,
            0.0,
            0.0,
            0.0,
            0.0,
            0.0
         ],